label,count,pct_of_disclosing
images,1023,65.36741214057508
text,481,30.73482428115016
audio_video,299,19.105431309904155
functional_product,281,17.955271565495206
unclassified,180,11.501597444089457
language_translation,133,8.498402555910543
